{
  "table_top": {
    "default_size": [
      0.8,
      0.8,
      0.05
    ],
    "position": [
      0.0,
      0.0,
      0.775
    ],
    "extracted": true
  },
  "table_leg": {
    "radius": 0.025,
    "height": 0.775,
    "offset_from_center": 0.75,
    "actual_positions": [
      [
        0.30000000000000004,
        0.30000000000000004,
        0.3875
      ],
      [
        -0.30000000000000004,
        0.30000000000000004,
        0.3875
      ],
      [
        -0.30000000000000004,
        -0.30000000000000004,
        0.3875
      ],
      [
        0.30000000000000004,
        -0.30000000000000004,
        0.3875
      ]
    ],
    "num_legs_found": 4
  },
  "extraction_info": {
    "table_width": 0.8,
    "table_length": 0.8,
    "table_thickness": 0.05,
    "total_height_with_legs": 0.8
  }
}