{
  "floor": {
    "position": [
      0.0,
      0.0,
      0.0
    ],
    "dimensions": [
      10.0,
      10.0,
      0.01
    ],
    "bounds": [
      [
        -5.0,
        -5.0,
        -0.005
      ],
      [
        5.0,
        5.0,
        0.005
      ]
    ],
    "num_meshes": 1
  },
  "walls": {
    "position": [
      0.5,
      0.0,
      1.5
    ],
    "dimensions": [
      5.02,
      6.02,
      3.000000000000001
    ],
    "bounds": [
      [
        -2.01,
        -3.01,
        -4.440892098500626e-16
      ],
      [
        3.01,
        3.01,
        3.0000000000000004
      ]
    ],
    "num_meshes": 6
  }
}